,handle,count,compound,positive,negative,neutral,date,text
0,news,1,-0.5994,0.0,0.187,0.813,1544013008.0,"Das US-Magazin ""Forbes"" hat die deutsche Bundeskanzlerin Angela Merkel zum achten Mal in Folge zur weltweit m√§chtig‚Ä¶ https://t.co/nCgwaPb9Qp"
1,news,2,0.0,0.0,0.0,1.0,1544005810.0,"#√ñsterreich soll zu einer ""Sportnation 4.0"" werden https://t.co/bl45IgLQGx"
2,news,3,-0.128,0.0,0.111,0.889,1543998618.0,Checkliste: 11 einfache Tipps und Tricks f√ºr gelungene Aufnahmen mit dem #Smartphone https://t.co/tUZR2QQAfZ
3,news,4,0.0,0.0,0.0,1.0,1543989603.0,"Acht M√§nner und acht Frauen haben unter Aufsicht das gemacht, was man nicht tun soll

https://t.co/mQuNt7NLgO"
4,news,5,-0.636,0.0,0.276,0.724,1543978323.0,"Die Spekulationen haben ein Ende!
Wir haben eine neue Chefredakteurin - @KGulnerits 
https://t.co/uv4VI32ToR"
5,news,6,0.0,0.0,0.0,1.0,1543975754.0,"#FamilienbonusPlus: Aufgepasst, der neue Familienbonus landet nicht automatisch am Konto! Es gibt viel zu beachten‚Ä¶ https://t.co/Xeab7S2Jpu"
6,news,7,0.0,0.0,0.0,1.0,1543930212.0,Was man beim W√§schewaschen alles falsch machen kann... https://t.co/rQyuWDOU4J
7,news,8,0.0,0.0,0.0,1.0,1543915815.0,"1 Jahr T√ºrkis-Blau

https://t.co/xIDFI1Rxtr"
8,news,9,0.0,0.0,0.0,1.0,1543894103.0,1.400 G√§ste folgten der Einladung des √ñVP-Chefs https://t.co/X8U0rREhYG
9,news,10,-0.5994,0.0,0.281,0.719,1543887464.0,Die Geldleistungen der Sozialhilfe im Vergleich üí∞ #Mindestsicherung #√ñsterreich https://t.co/xS26nDHBfW
10,news,11,-0.5994,0.0,0.206,0.794,1543840208.0,"Als ""nicht tragbar"" haben Jugendorganisationen am Montag die Vorgangsweise von Landesrat Gottfried Waldh√§usl in der‚Ä¶ https://t.co/XRQTZMu69D"
11,news,12,0.0,0.0,0.0,1.0,1543804211.0,"""Kurz ist so jung und hat so alte Ansichten"". SJ-Chefin Julia Herr spart im Interview nicht mit Kritik an der Regie‚Ä¶ https://t.co/we2o6pEsyy"
12,news,13,0.0,0.0,0.0,1.0,1543797314.0,"Alles, was du heute wissen musst - im #News-#Espresso-Video und auf https://t.co/ETr9UbuflU. https://t.co/bRr14a6ObN"
13,news,14,-0.5994,0.0,0.565,0.435,1543743010.0,Die Zeit dr√§ngt. https://t.co/OpSHWm3XZI
14,news,15,0.0,0.0,0.0,1.0,1543735807.0,Das zweite T√ºrchen ist ge√∂ffnet ... jetzt mitspielen und mit etwas Gl√ºck gewinnen! https://t.co/TnKMjuQgHz
15,news,16,-0.5994,0.0,0.196,0.804,1543721405.0,Nach dem tragischen Tod des Primars der Gyn√§kologie machen Ger√ºchte um das Villacher Krankenhaus die Runde. https://t.co/Nf1ilcKJYw
16,news,17,0.0,0.0,0.0,1.0,1543714202.0,Faire Preise oder was? https://t.co/mppGIOgFZj
17,news,18,-0.5994,0.0,0.231,0.769,1543663815.0,Als Parteimanager der SP√ñ muss Thomas Drozda die Schl√§ge f√ºr seine Chefin einstecken. https://t.co/2tJAWBCPAu
18,news,19,0.0,0.0,0.0,1.0,1543656610.0,In √ñsterreich kommt es t√§glich zu ein bis zwei diagnostizierten HIV-Neuinfektionen. https://t.co/3YIKMJDoDj
19,news,20,0.0,0.0,0.0,1.0,1543649409.0,Das erste T√ºrchen ist ge√∂ffnet ... jetzt mitspielen und mit etwas Gl√ºck gewinnen! https://t.co/TnKMjuQgHz
20,news,21,0.0,0.0,0.0,1.0,1543595410.0,K√∂nnen Spinnen im Staubsauger √ºberleben? Wir zeigen was an dem Ger√ºcht dran ist. https://t.co/YuZWzuw3Js
21,news,22,0.4588,0.227,0.0,0.773,1543584790.0,"My week on Twitter üéâ: 273 Mentions, 31.4K Mention Reach, 15 Likes, 7 Retweets, 19.1K Retweet Reach. See yours with‚Ä¶ https://t.co/DbetshMJC2"
22,news,23,0.0,0.0,0.0,1.0,1543584608.0,Zwei Austro-Million√§re mischen mit https://t.co/mXWYdNEKZ5
23,news,24,0.0,0.0,0.0,1.0,1543577417.0,"Uii, da machen wir aber einiges falsch üôà https://t.co/a8mYaopCx3"
24,news,25,-0.5994,0.0,0.281,0.719,1543570216.0,"Die ""#Flexity""-#Stra√üenbahn wird zu Beginn auf der 67er Strecke eingesetzt https://t.co/pw3t8w5uOv"
25,news,26,0.0,0.0,0.0,1.0,1543563013.0,Lego ist und bleibt ein Klassiker auf dem Wunschzettel f√ºr Weihnachten https://t.co/lm0CJaSMGE
26,news,27,-0.5994,0.0,0.262,0.738,1543555806.0,Ein #Stacheldrahtzaun rund um ein Asyl-Quartier in √ñsterreich erhitzt die Gem√ºter. https://t.co/00O9QPcIVk
27,news,28,-0.5994,0.0,0.394,0.606,1543552203.0,Die Formel-1-Legende Michael Schumacher k√§mpft weiter https://t.co/1gLasOqgyB
28,news,29,0.0,0.0,0.0,1.0,1543549556.0,Schock in der Luft f√ºr Kanzlerin Merkel https://t.co/MXEOi6XQ20
29,news,30,0.0,0.0,0.0,1.0,1543538326.0,"Alles, was Sie heute wissen m√ºssen - im #News-#Espresso-Video und auf https://t.co/ETr9UbuflU. https://t.co/o4Rg02yvFs"
30,news,31,-0.5994,0.0,0.218,0.782,1543487412.0,"Tierqual beenden, Tierwohl f√∂rdern und Tierschutz st√§rken - das sind die Forderungen des ""strikt √ºberparteilichen""‚Ä¶ https://t.co/efmMGYmsT4"
31,news,32,0.0,0.0,0.0,1.0,1543480210.0,Eine Briefbomben-Serie hat in √ñsterreich vor 25 Jahren ihren Ausgang genommen. https://t.co/wP6ROypoac
32,news,33,0.0,0.0,0.0,1.0,1543473007.0,"Urban Explorer suchen in ihrer Freizeit verlassene Orte auf, klettern auf Hochh√§user oder Windr√§der ‚Äì alles f√ºr den‚Ä¶ https://t.co/yUUbLuZz9O"
33,news,34,0.0,0.0,0.0,1.0,1543465805.0,"""wie man sich verh√§lt und was man dagegen tun kann"" https://t.co/dzKxdrgUAc"
34,news,35,0.0,0.0,0.0,1.0,1543462204.0,"Pro Probe wurden bis zu f√ºnf Tierarzneimittel, darunter mehrere Antibiotika, und bis zu 38 verschiedene Pestizide f‚Ä¶ https://t.co/jNrUpciTGL"
35,news,36,-0.9136,0.0,0.494,0.506,1543458610.0,"Verschnarcht die Europ√§ische Union die Abschaffung der Zeitumstellung?‚Äú, das fragt sich die deutsche ‚ÄûBild‚Äú-Zeitung‚Ä¶ https://t.co/G9Lb3xCulD"
36,news,37,0.0,0.0,0.0,1.0,1543453441.0,"Alles, was du heute wissen musst - im #News-#Espresso-Video und auf https://t.co/ZNz6xjewfS. https://t.co/fapdWKag1s"
37,news,38,-0.5994,0.0,0.206,0.794,1543386610.0,#Mindessicherung in #√ñsterreich: Die #Sozialhilfe soll k√ºnftig einheitlich 863 Euro betragen. Bei Zuwanderern mit s‚Ä¶ https://t.co/P1RCROmL0s
38,news,39,0.0,0.0,0.0,1.0,1543383006.0,"Nach dem Kentern eines #Pionierboots im September, wird nun der #Unfallbericht pr√§sentiert. https://t.co/H0fYTkb1uz"
39,news,40,-0.5994,0.0,0.358,0.642,1543375803.0,Die besten Tipps f√ºr eine entspannte Vorweihnachtszeit https://t.co/HC2N842jG1
40,news,41,0.0,0.0,0.0,1.0,1543370627.0,#Putin wie #Poroschenko haben Gr√ºnde zu z√ºndeln https://t.co/P5Yfw0QMAt
41,news,42,0.0,0.0,0.0,1.0,1543367531.0,"Alles, was Sie heute wissen m√ºssen - im #News-#Espresso-Video und auf https://t.co/ETr9UbuflU. https://t.co/Fx9iZtRxfv"
42,news,43,0.0,0.0,0.0,1.0,1543329011.0,Was macht einen Gentleman aus? 11 Austro-Promis verraten es. https://t.co/sez12OdjfK
43,news,44,-0.5994,0.0,0.245,0.755,1543306692.0,"Im Durchschnitt planen die √ñsterreicher heuer 6,7 Geschenke zu kaufen. #Geschenke #Weihnachten https://t.co/8J0H9STWYZ"
44,news,45,0.0,0.0,0.0,1.0,1543293004.0,Eine Auswahl der sch√∂nsten #Weihnachtsm√§rkte in #√ñsterreich https://t.co/9c3EgX7MQF
45,news,46,0.0,0.0,0.0,1.0,1543285808.0,"Maximilian Krauss, der Obmann der Freiheitlichen Jugend, √ºber Vorbilder, braune Ausrutscher und Sebastian Kurz https://t.co/Cox0N6OonG"
46,news,47,0.0,0.0,0.0,1.0,1543280403.0,Birgit #Hebein ist neue Spitzenkandidatin der Wiener Gr√ºnen https://t.co/jRJ7UGjF4F
47,news,48,0.0,0.0,0.0,1.0,1543274900.0,"Alles, was Sie heute wissen m√ºssen - im #News-#Espresso-Video und auf https://t.co/ETr9UbuflU. https://t.co/Ek3sPrdfhb"
48,news,49,0.0,0.0,0.0,1.0,1543246210.0,"So hat das Baby
das Leben der Hirschers ver√§ndert - https://t.co/zoa9r8DZuk"
49,news,50,-0.6326,0.0,0.454,0.546,1543239012.0,"So ungesund leben
die √ñsterreicher - https://t.co/u1NYo8jVki"
50,news,51,0.0,0.0,0.0,1.0,1543207064.0,√ñBB: Z√ºge stehen heute wohl still - letzte Verhandlung wohl ohne Erfolg https://t.co/0GBF5IrDTY
51,news,52,0.0,0.0,0.0,1.0,1543192305.0,"Alles, was Sie heute wissen m√ºssen - im #News-#Espresso-Video und auf https://t.co/ETr9UbuflU. https://t.co/ctYRXPGC5M"
52,news,53,0.0,0.0,0.0,1.0,1543138208.0,"10 simple, aber effektive #Tipps gegen #Stress https://t.co/aBSAvMvSOJ"
53,news,54,-0.5994,0.0,0.187,0.813,1543131009.0,"F√ºr all jene, die echte Royal-Fans im Freundes- oder Verwandtenkreis haben - mit diesen Geschenken liegen Sie siche‚Ä¶ https://t.co/Z7dpb5Cuks"
54,news,55,-0.5994,0.0,0.302,0.698,1543123806.0,Die vielbesch√§ftigte 91-J√§hrige √ºber ihre Lieblingsrolle und gro√üe Verluste. https://t.co/0aipl4bxoE
55,news,56,0.0,0.0,0.0,1.0,1543116603.0,Erk√§ltungsanzeichen? Rasch gegensteuern! https://t.co/e2tDX1x30m
56,news,57,0.0,0.0,0.0,1.0,1543109404.0,Wie wohnen wir in 20 Jahren? https://t.co/cBPq9u4NOp
57,news,58,0.0,0.0,0.0,1.0,1543066209.0,Eine von f√ºnf Frauen erlebt in √ñsterreich h√§usliche Gewalt https://t.co/eWHdoFrhhG
58,news,59,0.0,0.0,0.0,1.0,1543059012.0,Lieber Bistro statt Pelze https://t.co/N93uhGrXQQ
59,news,60,0.0,0.0,0.0,1.0,1543053991.0,"√Ñngste bestimmen unser Leben. Experten erkl√§ren, wie sehr man sich wirklich f√ºrchten muss. https://t.co/yezmDMEI3b"
60,news,61,0.0,0.0,0.0,1.0,1543037402.0,Misshandlungsvorwurf gegen Tom Cruise https://t.co/XguINC2smF
61,news,62,-0.5994,0.0,0.565,0.435,1543030202.0,Die letzten #Tiger https://t.co/8EO66qSKC5
62,news,63,0.0,0.0,0.0,1.0,1542987013.0,"Pflegefrage: #Kurz verspricht eine ""Generall√∂sung"" https://t.co/TtORlF2KnB #pflege"
63,news,64,0.4588,0.227,0.0,0.773,1542979978.0,"My week on Twitter üéâ: 345 Mentions, 8.96K Mention Reach, 23 Likes, 5 Retweets, 2.99K Retweet Reach. See yours with‚Ä¶ https://t.co/2yQTmH89nN"
64,news,65,0.0,0.0,0.0,1.0,1542979813.0,Eine Videobotschaft von Niki Lauda an seine Crew üí™ https://t.co/K3YRUxzj1f
65,news,66,0.0,0.0,0.0,1.0,1542958215.0,"7 Tipps, damit der ""Black Friday"" f√ºr Sie nicht zum schwarzen Schn√§ppchen-Freitag wird. #blackfriday https://t.co/28pPIg8VSK"
66,news,67,0.0,0.0,0.0,1.0,1542947409.0,"Im B√ºro steht unser R√ºcken jeden Tag unter Dauerstress. Wir wissen, wie Sie R√ºckenschmerzen vorbeugen. https://t.co/hYWh7C4jmA"
67,news,68,-0.5994,0.0,0.231,0.769,1542942094.0,Die Hagiografie zeichnet Straches Aufstieg vom Landtagsabgeordneten zum Vizekanzler der Republik als Heldenepos.‚Ä¶ https://t.co/pdym3hLTi6
68,news,69,0.0,0.0,0.0,1.0,1542936482.0,"Alles, was Sie heute wissen m√ºssen - im #News-#Espresso-Video und auf https://t.co/ETr9UbuflU. https://t.co/mPeF8WQrxQ"
69,news,70,-0.8316,0.0,0.342,0.658,1542889807.0,"""Die Regierung ist in der Normalit√§t angekommen. Die Nationalbank ist ein unr√ºhmliches Indiz f√ºr Postenschacher""
De‚Ä¶ https://t.co/1dErscs0LV"
70,news,71,-0.4404,0.106,0.206,0.688,1542882611.0,F√ºr alle die ihrem Hund in der Adventszeit eine kleine Freude machen wollen ;-) https://t.co/T28Olg8x3J
71,news,72,0.0,0.0,0.0,1.0,1542878289.0,"Doskozil genie√üt gr√∂√üeres Vertrauen als Rendi-Wagner

https://t.co/0R9MikRQ5i"
72,news,73,0.3164,0.223,0.0,0.777,1542875417.0,Wir gratulieren den sportlichen Jung-V√§tern und Jung-Mamas! ;-) https://t.co/jF8DbfpSOr
73,news,74,0.0,0.0,0.0,1.0,1542868210.0,Wie gef√§hrlich ist Schimmel wirklich? Akute Gesundheitsgefahr oder vernachl√§ssigbar? Der Umwelthygieniker Hans-Pete‚Ä¶ https://t.co/ury2hGP2tV
74,news,75,0.0,0.0,0.0,1.0,1542861006.0,NEOS wollen ein Verbot f√ºr religi√∂se Kleidung. Nicht nur in Kinderg√§rten sondern auch  Schulen f√ºr Jugendliche bis‚Ä¶ https://t.co/cYPFquIr4S
75,news,76,-0.5994,0.0,0.206,0.794,1542858645.0,"K√ºnftig m√ºssen alle Hundebesitzer einen Kurs absolvieren, um die artgerechte Haltung des Tieres zu gew√§hrleisten. https://t.co/gazOhOTRpe"
76,news,77,0.0,0.0,0.0,1.0,1542853811.0,Wo ist mein Paket? Was bringen Beschwerden bei der Service-Hotline? Ein vermeintlicher #DHL-Mitarbeiter hat Antwort‚Ä¶ https://t.co/Vbryw0STFn
77,news,78,0.0,0.0,0.0,1.0,1542848925.0,"Alles, was Sie heute wissen m√ºssen - im #News-#Espresso-Video und auf https://t.co/ETr9UbuflU. https://t.co/Hmdc4ih6lu"
78,news,79,0.0,0.0,0.0,1.0,1542810608.0,Ein mutiger Schritt. https://t.co/8HQRGlBICZ
79,news,80,-0.5994,0.0,0.17,0.83,1542800300.0,Der Angeklagte war bis zu seiner Suspendierung als Oberarzt am Wiener AKH t√§tig und soll in seiner Privatpraxis von‚Ä¶ https://t.co/l7NeorPFDz
80,news,81,-0.5994,0.0,0.178,0.822,1542796210.0,Bei der Spielzeugwaffe #Nerf scheiden sich die Geister. Welche Unsicherheiten es gibt und wie #Eltern richtig mit d‚Ä¶ https://t.co/QaUltJiwxt
81,news,82,-0.5994,0.0,0.187,0.813,1542789010.0,Neues #Waffengesetz in #√ñsterreich: Bei dem Gesetz handelt es sich im Grunde um die Umsetzung einer EU-Richtlinie.‚Ä¶ https://t.co/j33K8gGPTv
82,news,83,-0.8316,0.0,0.415,0.585,1542771002.0,"Die Liste der L√§nder, die den umstrittenen UN-#Migrationspakt ablehnen, wird immer l√§nger. https://t.co/TKZ3hZ6C8v"
83,news,84,0.0,0.0,0.0,1.0,1542769079.0,"Laut dem umstrittenen Verein ""#TeenStar"" ist Sex vor der Ehe problematisch, Homosexualit√§t ‚Äûtendenziell heilbar‚Äú un‚Ä¶ https://t.co/YVBqDJ0k9M"
84,news,85,-0.5994,0.0,0.358,0.642,1542763805.0,5 Wohntipps f√ºr die kalte Jahreszeit https://t.co/zpljccSVEQ #living #wohnen
85,news,86,0.0,0.0,0.0,1.0,1542759970.0,"Alles, was Sie heute wissen m√ºssen - im #News-#Espresso-Video und auf https://t.co/ETr9UbuflU. https://t.co/lA4cCsqhcP"
86,news,87,0.0,0.0,0.0,1.0,1542717020.0,"Diskussion um Aussage von Minister Fa√ümann
https://t.co/bZXRLvhZtN"
87,news,88,0.0,0.0,0.0,1.0,1542709811.0,"An bestimme K√∂rperstellen dr√ºcken und das Hungergef√ºhl verschwindet. Glaub ihr daran?
‚ù§ = Ich schw√∂re auf Akupressu‚Ä¶ https://t.co/ZbnyR6X8JT"
88,news,89,0.0,0.0,0.0,1.0,1542702625.0,"Wien, eine der unfreundlichsten St√§dte weltweit?
https://t.co/O5WbD17w4z"
89,news,90,0.0,0.0,0.0,1.0,1542688208.0,"Vorsicht bei der Schn√§ppchenjagd - wie sehr Kunden wirklich von den Aktionstagen profitiert, ist umstritten. ‚òù‚Ä¶ https://t.co/AubtagwDt8"
90,news,91,0.0,0.0,0.0,1.0,1542674735.0,"Alles, was Sie heute wissen m√ºssen - im #News-#Espresso-Video und auf https://t.co/ETr9UbuflU. https://t.co/4pi5J1zYcn"
91,news,92,0.0,0.0,0.0,1.0,1542634216.0,"Der zwischenmenschliche Aspekt der Pflege und Betreuung wird nicht oder zu wenig als Arbeitsbestandteil anerkannt. 

https://t.co/5DGvzmukpC"
92,news,93,0.0,0.0,0.0,1.0,1542619814.0,"""Bin absolut √ºberzeugt, dass weder er noch ein anderes Mitglied dieser Regierung antisemitisch ist oder Antisemitis‚Ä¶ https://t.co/WsheGhSH8G"
93,news,94,-0.5994,0.0,0.328,0.672,1542601795.0,"Die ""Liste Pilz"" hei√üt nicht mehr ""Liste Pilz""

https://t.co/sofrBHNARZ"
94,news,95,0.0,0.0,0.0,1.0,1542588173.0,"Alles, was Sie heute wissen m√ºssen - im #News-#Espresso-Video und auf https://t.co/ETr9UbuflU. https://t.co/BSm01qWrsm"
95,news,96,0.0,0.0,0.0,1.0,1542544209.0,Das austrokanadische Start-Up #Amabrush will diesen Traum jetzt wahr werden lassen. https://t.co/EL7RJC0gks
96,news,97,0.0,0.0,0.0,1.0,1542533411.0,"‚ÄûDu kannst der reifste, saftigste Pfirsich auf der ganzen Welt sein und es wird immer noch jemanden geben, der Pfir‚Ä¶ https://t.co/2XYtwQwZPA"
97,news,98,0.0,0.0,0.0,1.0,1542526206.0,"Der ""#Westermarck-Effekt"" beschreibt eine Konstellation, in der #Beziehungen zum Scheitern verurteilt sind. https://t.co/K5j9JN15oj"
98,news,99,0.0,0.0,0.0,1.0,1542511804.0,"Ohne das #Handy geht im Alltag oft gar nichts. Lohnt sich eine Versicherung? Hier einige Tipps.

Ohne das Handy geh‚Ä¶ https://t.co/DYvaLiPaDA"
99,news,100,0.0,0.0,0.0,1.0,1542504605.0,Es ist eine traurige Tatsache: Der Bestand der #V√∂gel reduziert sich weltweit dramatisch. https://t.co/h002sGpFln
100,news,101,0.0,0.0,0.0,1.0,1542450609.0,Wie sich der K√∂rper der Mutter w√§hrend der Schwangerschaft ver√§ndert - und was das Ungeborene schon alles kann. https://t.co/PIBpA59GAv
101,news,102,-0.5994,0.0,0.218,0.782,1542443407.0,Schicksalsjahre einer Partei. Die #Gr√ºnen hoffen auf ein politisches #Comeback. Ihre Ziele h√§ngen hoch https://t.co/Wp1brAu86t
102,news,103,-0.5994,0.0,0.17,0.83,1542436205.0,Ich halte seit f√ºnf Jahren einen ganz friedlichen Dackel in Wien und verfolge daher die Debatte √ºber eine Versch√§rf‚Ä¶ https://t.co/qWnoseRms3
103,news,104,0.0,0.0,0.0,1.0,1542427202.0,"""Herbert Gr√∂nemeyer"" https://t.co/HaSEyLNskt"
104,news,105,0.0,0.0,0.0,1.0,1542419912.0,Ein Viertel aller √ñsterreicher und √ñsterreicherinnen leidet an #Nahrungsmittelunvertr√§glichkeit. https://t.co/x5zJ7CoWPB
105,news,106,0.4588,0.227,0.0,0.773,1542375179.0,"My week on Twitter üéâ: 208 Mentions, 48.7K Mention Reach, 23 Likes, 6 Retweets, 1.57K Retweet Reach. See yours with‚Ä¶ https://t.co/yKw98A4JA2"
106,news,107,0.0,0.0,0.0,1.0,1542371411.0,"Niemand ist √ºber den Tisch gezogen worden, so Kurz

https://t.co/mqZbb4lk0x"
107,news,108,0.3818,0.565,0.0,0.435,1542360522.0,"üò≤

https://t.co/23S5cRC7Sp"
108,news,109,-0.5994,0.0,0.187,0.813,1542357012.0,"Sie ist √ñsterreichs Aush√§ngeschild in Sachen Mode: Lena Hoschek. Die Modesch√∂pferin verr√§t, was es braucht um erfol‚Ä¶ https://t.co/AeKCQCq8NA"
109,news,110,-0.5994,0.0,0.245,0.755,1542346209.0,"Anfang Oktober war es zur Anzeige wegen K√∂rperverletzung und gef√§hrlichen Drohungen gekommen.

https://t.co/5DIXH7ZNfn"
110,news,111,0.0,0.0,0.0,1.0,1542341349.0,RT @alexalutteri: In aller Fr√ºhe bei @puls4 ... https://t.co/brwXD9Rff7
111,news,112,-0.5994,0.0,0.358,0.642,1542339007.0,"Wie hoch ist die Terrorgefahr in Wien?

https://t.co/0CjW6bUBCm"
112,news,113,0.5719,0.291,0.0,0.709,1542333806.0,"""Happy Birthday, Charles""
Mehr #Haderer gibt es hier https://t.co/4PMN4TdREc https://t.co/scffncLX5r"
113,news,114,0.0,0.0,0.0,1.0,1542331807.0,Ungew√∂hnlich scharf reagiert Bundeskanzler Sebastian Kurz auf Kritik aus Vorarlberg an einer umstrittenen Abschiebu‚Ä¶ https://t.co/6Bmi0GO1Rw
114,news,115,0.0,0.0,0.0,1.0,1542327808.0,"Alles, was Sie heute wissen m√ºssen - im News-Espresso-Video und auf https://t.co/ETr9UbuflU. https://t.co/kQfU76FDOd"
115,news,116,-0.5994,0.0,0.196,0.804,1542292209.0,"Die Gr√ºnen - Jede Wahl der n√§chsten Jahre wird zur Schicksalswahl. Scheitern verboten.
Der News-Leitartikel von Ren‚Ä¶ https://t.co/Ro38ln0uCx"
116,news,117,-0.5994,0.0,0.206,0.794,1542285018.0,"Eine Textnachricht von Heinz-Christian Strache, die versehentlich an den falschen Adressaten ging, sorgt derzeit f√º‚Ä¶ https://t.co/ssev7IHpgt"
117,news,118,0.0,0.0,0.0,1.0,1542277813.0,"Gewerkschaftsbund und Arbeiterkammer sehen das anders....

https://t.co/p1OresnZHd"
118,news,119,-0.5994,0.0,0.262,0.738,1542270614.0,"Die psychologische Bezeichnung ""Manhattan-Effekt"", bezeichnet spezielle eine Konstellation in einer Partnerschaft. https://t.co/VByGKv0ucT"
119,news,120,0.0,0.0,0.0,1.0,1542259804.0,Rund 130 weitere Hunde  lebten in verwahrlostem Zustand auf dem Gel√§nde. https://t.co/SxCNRbSANf
120,news,121,0.0,0.0,0.0,1.0,1542252608.0,"Rauchen ist eine Sucht, das Aufh√∂ren dementsprechend schwer. Wir haben effektive Tipps. https://t.co/5SpE577Dyi"
121,news,122,0.0,0.0,0.0,1.0,1542249007.0,"""Leider wird der Grundgehorsam von Hunden in √ñsterreich stark vernachl√§ssigt"", sagt Agility-Trainer Christian W√∂ss. https://t.co/ELQrUakRBW"
122,news,123,0.0,0.0,0.0,1.0,1542245407.0,Der ideale Abstand zwischen zwei Schwangerschaften https://t.co/F7ThVVFqp9 #baby #schwanger
123,news,124,0.0,0.0,0.0,1.0,1542242734.0,"Alles, was Sie heute wissen m√ºssen - im #News-#Espresso-Video und auf https://t.co/ETr9UbuflU. https://t.co/5Yayh0Idwz"
124,news,125,-0.5994,0.0,0.245,0.755,1542205816.0,"Ein Drittel der Befragten spricht sich f√ºr die Einschr√§nkung demokratischer Rechte aus. 

https://t.co/iLP7pEy17K"
125,news,126,-0.5994,0.0,0.302,0.698,1542204118.0,"#Brexit: Theresa May sichert sich die Zustimmung ihres Kabinetts
https://t.co/aDXEEygv38"
126,news,127,0.0,0.0,0.0,1.0,1542204007.0,"Europ√§ische Armee - Was w√ºrde das f√ºr √ñsterreich bedeuten? 

https://t.co/s9taxEEIgp"
127,news,128,0.0,0.0,0.0,1.0,1542198621.0,Da gibt es wirklich einiges zu tun üòù https://t.co/qgFbmq5QBa
128,news,129,-0.34,0.0,0.444,0.556,1542185512.0,"ORF-Redakteure schlagen Alarm

https://t.co/OdQmPhKTYE"
129,news,130,0.0,0.0,0.0,1.0,1542173402.0,Prinz Charles feiert heute seinen 70. Geburtstag! Sein Leben in Bildern. üéÇüéâüéÅ https://t.co/jrEfxUqGKd
130,news,131,-0.5994,0.0,0.218,0.782,1542171741.0,"W√§hrend Ex-Kanzler Kern auf Urlaub in Marokko weilt, ist die SP√ñ um Klarstellung bem√ºht. https://t.co/SAE4g6ooDK"
131,news,132,0.0,0.0,0.0,1.0,1542169804.0,"Wegen ""akuter Gef√§hrdung von Patienten"" https://t.co/B9zE89e4Dm"
132,news,133,-0.5994,0.0,0.262,0.738,1542166207.0,"Die Eckpunkte: Bessere Bezahlung f√ºr #Fachexperten, beschleunigtes Aufnahmeverfahren im #Exekutivdienst und‚Ä¶ https://t.co/hVHzBOrISO"
133,news,134,0.0,0.0,0.0,1.0,1542159002.0,#Diabetes: Was Sie wissen sollten https://t.co/SES1lZjp3n
134,news,135,0.0,0.0,0.0,1.0,1542155586.0,"Alles, was Sie heute wissen m√ºssen - im #News-#Espresso-Video und auf https://t.co/ETr9UbuflU. https://t.co/N1XOAQo9Ef"
135,news,136,-0.4404,0.101,0.196,0.704,1542115808.0,"""Nationalismus und Egoismus d√ºrfen nie wieder eine Chance in Europa haben"", fordert die Deutsche Kanzlerin. https://t.co/MMdoBGGqB5"
136,news,137,0.0,0.0,0.0,1.0,1542108616.0,"Strafanzeige gegen Bundeskanzler Kurz und seinen Vize Strache

https://t.co/rgxrTGzkKi"
137,news,138,0.0,0.0,0.0,1.0,1542090305.0,"Im Palast g√§be es einen Job üòâ

https://t.co/oxFQccQx8B"
138,news,139,-0.5994,0.0,0.178,0.822,1542083408.0,Nur vier Faktoren sind f√ºr mehr als die H√§lfte der weltweiten Todesf√§lle verantwortlich. Und was noch viel ersch√ºtt‚Ä¶ https://t.co/XEJAhs7zDM
139,news,140,0.0,0.0,0.0,1.0,1542076206.0,"""Derzeit sind in √ñsterreich √ºber 30 Prozent der Frauen und 50 Prozent der M√§nner √ºbergewichtig, das sind fast 3,5 M‚Ä¶ https://t.co/frlZ2Exx2q"
140,news,141,0.0,0.0,0.0,1.0,1542069304.0,"Alles, was Sie heute wissen m√ºssen - im #News-#Espresso-Video und auf https://t.co/ETr9UbuflU. https://t.co/g9CvAgQKst"
141,news,142,0.0,0.0,0.0,1.0,1542011413.0,Bundespr√§sident Van der Bellen √ºbt Kritik an Schwarz-Blau https://t.co/8JrNtdwLF0
142,news,143,-0.8316,0.0,0.375,0.625,1542004206.0,"""Die FP√ñ und ich garantieren, dass die Notstandshilfe als Versicherungsleistung bleiben wird"", so Hartinger-Klein. 

https://t.co/nBTNE4sJLg"
143,news,144,0.7959,0.441,0.0,0.559,1541939407.0,Vorlesen hat erwiesenerma√üen positive Auswirkungen auf unsere Kinder! ‚ù§ https://t.co/DOLHKMtD9A
144,news,145,-0.8225,0.044,0.289,0.667,1541924252.0,"RT @Igby_tweets: Zwischenbericht : 
a) wenn man schon 2x beim gratis Keksestand war , sperren die einen beim 3. Mal vorbeischlendern üòé?
b)‚Ä¶"
145,news,146,0.0,0.0,0.0,1.0,1541921411.0,"#Lokalcheck: Das #Paco hat einen kleinen, aber feinen Ableger in Wiens Innenstadt bekommen.

https://t.co/FrFkVdacKU"
146,news,147,0.0,0.0,0.0,1.0,1541914202.0,"Im Herbst und Winter haben Erk√§ltungs- und #Grippewellen Hochsaison. Diese #Tipps helfen dabei, Ihr Immunsystem zu‚Ä¶ https://t.co/VX1eOJPbzW"
147,news,148,0.0,0.0,0.0,1.0,1541907007.0,Politische Urgesteine erz√§hlen √ºber ihr Leben mit der Politik. https://t.co/wAJ9LQAnrv
148,news,149,0.0,0.0,0.0,1.0,1541856608.0,Warum der Verzicht von B√ºffelmozzarella wichtig ist https://t.co/iqglz3lRAl
149,news,150,0.0,0.0,0.0,1.0,1541849414.0,"""Das in der Tat unangenehme Wirken der FP√ñ wird noch von Sebastian Kurz √ºberstrahlt"" https://t.co/ZAYuxHMouV"
